{"train_loss": [2.8431130417606285, 2.393247938992684, 2.1419615850113987, 1.9627985975198579, 1.8539873591640539], "valid_loss": [2.543818644114903, 2.232088770185198, 2.0954263550894603, 1.8814057792936052, 1.9284878287996565]}